;0
0;Hoja1
1;"                email   telefono     ciudad   Nombre
0  radilo86@gmail.com  968752215      Yecla   Rafael
1   rdiazlor@yahoo.es  968784574     Murcia  Rodrigo
2       dilora@crm.es  698758746  Cartagena    Diego
3    antuan@gmail.com  698965745    Jumilla  Antonia"
2;Hoja2
3;"               email2  telefono2    ciudad2   Nombre2
0  radilo86@gmail.com  968752215      Yecla   Rafael2
1   rdiazlor@yahoo.es  968784574     Murcia  Rodrigo2
2       dilora@crm.es  698758746  Cartagena    Diego2
3    antuan@gmail.com  698965745    Jumilla  Antonia2"
